{
  "version": 1,
  "author": "Anonymous maker",
  "editor": "wokwi",
  "parts": [
    { "type": "wokwi-arduino-uno", "id": "uno", "top": 144.6, "left": 18.6, "attrs": {} },
    {
      "type": "wokwi-pir-motion-sensor",
      "id": "pir1",
      "top": -63.2,
      "left": -122.58,
      "attrs": {}
    },
    { "type": "wokwi-relay-module", "id": "relay1", "top": 9.8, "left": 76.8, "attrs": {} },
    { "type": "wokwi-relay-module", "id": "relay2", "top": -105.4, "left": 86.4, "attrs": {} },
    { "type": "wokwi-vcc", "id": "vcc1", "top": -152.84, "left": 48, "attrs": {} },
    { "type": "wokwi-vcc", "id": "vcc2", "top": -8.84, "left": 38.4, "attrs": {} },
    { "type": "wokwi-gnd", "id": "gnd1", "top": -48, "left": 47.4, "attrs": {} },
    { "type": "wokwi-gnd", "id": "gnd2", "top": 57.6, "left": 37.8, "attrs": {} },
    {
      "type": "wokwi-led",
      "id": "led1",
      "top": 15.6,
      "left": 263,
      "attrs": { "color": "yellow" }
    },
    { "type": "wokwi-led", "id": "led2", "top": -99.6, "left": 263, "attrs": { "color": "cyan" } },
    { "type": "wokwi-gnd", "id": "gnd3", "top": 57.6, "left": 249, "attrs": {} },
    { "type": "wokwi-gnd", "id": "gnd4", "top": -48, "left": 249, "attrs": {} },
    { "type": "wokwi-vcc", "id": "vcc3", "top": -18.44, "left": 220.8, "attrs": {} },
    { "type": "wokwi-vcc", "id": "vcc4", "top": -143.24, "left": 220.8, "attrs": {} },
    { "type": "wokwi-vcc", "id": "vcc5", "top": 67.96, "left": -134.4, "attrs": {} },
    { "type": "wokwi-gnd", "id": "gnd5", "top": 67.2, "left": -67.8, "attrs": {} },
    { "type": "wokwi-dht22", "id": "dht1", "top": -162.9, "left": 369, "attrs": {} },
    { "type": "wokwi-vcc", "id": "vcc6", "top": -37.64, "left": 345.6, "attrs": {} },
    { "type": "wokwi-gnd", "id": "gnd6", "top": -19.2, "left": 431.4, "attrs": {} }
  ],
  "connections": [
    [ "relay2:GND", "gnd1:GND", "black", [ "h0" ] ],
    [ "relay2:VCC", "vcc1:VCC", "red", [ "h0" ] ],
    [ "relay1:VCC", "vcc2:VCC", "red", [ "h0" ] ],
    [ "led2:C", "gnd4:GND", "green", [ "v0" ] ],
    [ "led1:C", "gnd3:GND", "green", [ "v0" ] ],
    [ "led2:A", "relay2:NO", "green", [ "v0", "h28.8", "v-48", "h-57.6", "v38.4" ] ],
    [ "led1:A", "relay1:NO", "green", [ "v9.6", "h19.2", "v-57.6", "h-67.2", "v48" ] ],
    [ "relay2:COM", "vcc4:VCC", "green", [ "h0" ] ],
    [ "relay1:COM", "vcc3:VCC", "green", [ "h0" ] ],
    [ "uno:6", "relay2:IN", "green", [ "v-48", "h-188.3", "v-172.8" ] ],
    [ "relay1:GND", "gnd2:GND", "black", [ "h0" ] ],
    [ "relay1:IN", "uno:10", "green", [ "h0", "v76.6", "h96" ] ],
    [ "vcc5:VCC", "pir1:VCC", "red", [ "v0", "h28.8" ] ],
    [ "pir1:GND", "gnd5:GND", "black", [ "v0" ] ],
    [ "uno:12", "pir1:OUT", "green", [ "v-19.2", "h-229.76" ] ],
    [ "dht1:VCC", "vcc6:VCC", "red", [ "v0" ] ],
    [ "dht1:GND", "gnd6:GND", "black", [ "v0" ] ],
    [ "dht1:SDA", "uno:2", "blue", [ "v163.2", "h-134.3" ] ]
  ],
  "dependencies": {}
}