{
  "version": 1,
  "author": "Uri Shaked",
  "editor": "wokwi",
  "parts": [
    {
      "type": "wokwi-arduino-uno",
      "id": "uno",
      "top": 402.94,
      "left": 25,
      "rotate": 0,
      "hide": false,
      "attrs": {}
    },
    {
      "type": "wokwi-membrane-keypad",
      "id": "keypad",
      "top": 0,
      "left": 94,
      "rotate": 0,
      "hide": false,
      "attrs": {}
    }
  ],
  "connections": [
    [ "uno:GND.1", "lcd:VSS", "black", [ "v-51", "*", "h0", "v18" ] ],
    [ "uno:GND.1", "lcd:K", "black", [ "v-51", "*", "h0", "v18" ] ],
    [ "uno:GND.1", "lcd:RW", "black", [ "v-51", "*", "h0", "v18" ] ],
    [ "uno:2", "keypad:C4", "brown", [] ],
    [ "uno:3", "keypad:C3", "gray", [] ],
    [ "uno:4", "keypad:C2", "orange", [] ],
    [ "uno:5", "keypad:C1", "pink", [] ],
    [ "uno:6", "keypad:R4", "blue", [] ],
    [ "uno:7", "keypad:R3", "green", [] ],
    [ "uno:8", "keypad:R2", "purple", ["v-14", "h0"] ],
    [ "uno:9", "keypad:R1", "gold", ["v-18", "h0"] ]
  ]
}