{
  "version": 1,
  "author": "Anonymous maker",
  "editor": "wokwi",
  "parts": [
    { "type": "wokwi-arduino-uno", "id": "uno", "top": 39, "left": 18.6, "attrs": {} },
    {
      "type": "wokwi-photoresistor-sensor",
      "id": "ldr1",
      "top": -131.2,
      "left": 58.4,
      "attrs": {}
    },
    {
      "type": "wokwi-resistor",
      "id": "r1",
      "top": 3.95,
      "left": 192,
      "attrs": { "value": "1000" }
    },
    { "type": "wokwi-led", "id": "led1", "top": -51.6, "left": 119, "attrs": { "color": "red" } }
  ],
  "connections": [
    [ "led1:C", "uno:GND.1", "green", [ "v0" ] ],
    [ "led1:A", "r1:1", "green", [ "v0" ] ],
    [ "r1:2", "uno:2", "green", [ "v0" ] ],
    [ "ldr1:AO", "uno:A0", "green", [ "h86.4", "v392.9", "h-96" ] ],
    [ "ldr1:GND", "uno:GND.3", "black", [ "h105.6", "v422", "h-134.4" ] ],
    [ "ldr1:VCC", "uno:5V", "red", [ "h115.2", "v451.2", "h-163.2", "v-9.6" ] ]
  ],
  "dependencies": {}
}