{
  "version": 1,
  "author": "MANE PRANALI PRAKASH M",
  "editor": "wokwi",
  "parts": [
    { "type": "wokwi-arduino-uno", "id": "uno", "top": 39, "left": -202.2, "attrs": {} },
    {
      "type": "wokwi-ntc-temperature-sensor",
      "id": "ntc1",
      "top": 21.8,
      "left": 239.4,
      "attrs": {}
    },
    { "type": "wokwi-lcd1602", "id": "lcd1", "top": -294.17, "left": -243.2, "attrs": {} }
  ],
  "connections": [
    [ "ntc1:OUT", "uno:A3", "green", [ "h0" ] ],
    [ "ntc1:VCC", "uno:5V", "red", [ "h0" ] ],
    [ "lcd1:VSS", "uno:GND.2", "green", [ "v0" ] ],
    [ "lcd1:VDD", "uno:5V", "green", [ "v0" ] ],
    [ "lcd1:RS", "uno:12", "green", [ "v0" ] ],
    [ "lcd1:RW", "uno:GND.1", "green", [ "v0" ] ],
    [ "lcd1:E", "uno:11", "green", [ "v0" ] ],
    [ "lcd1:D4", "uno:5", "green", [ "v0" ] ],
    [ "lcd1:D5", "uno:4", "green", [ "v0" ] ],
    [ "lcd1:D6", "uno:3", "green", [ "v0" ] ],
    [ "lcd1:D7", "uno:2", "green", [ "v0" ] ],
    [ "ntc1:GND", "uno:GND.1", "black", [ "h0" ] ]
  ],
  "dependencies": {}
}