{
  "version": 1,
  "author": "Anonymous maker",
  "editor": "wokwi",
  "parts": [
    { "type": "wokwi-arduino-uno", "id": "uno", "top": 58.2, "left": -48.6, "attrs": {} },
    {
      "type": "wokwi-led",
      "id": "led1",
      "top": -128.4,
      "left": 42.2,
      "attrs": { "color": "red" }
    },
    {
      "type": "wokwi-resistor",
      "id": "r1",
      "top": -63.25,
      "left": 96,
      "attrs": { "value": "1000" }
    },
    {
      "type": "wokwi-pushbutton",
      "id": "btn1",
      "top": -157,
      "left": 422.4,
      "attrs": { "color": "green", "key": "1" }
    },
    { "type": "wokwi-potentiometer", "id": "pot1", "top": -39.7, "left": 431.8, "attrs": {} },
    { "type": "wokwi-potentiometer", "id": "pot2", "top": -279.7, "left": -134.6, "attrs": {} }
  ],
  "connections": [
    [ "led1:A", "r1:1", "green", [ "v0" ] ],
    [ "r1:2", "uno:4", "green", [ "v0", "h18" ] ],
    [ "led1:C", "uno:GND.1", "black", [ "v96", "h10" ] ],
    [ "btn1:2.l", "uno:GND.2", "black", [ "h-105.6", "v451.4", "h-9.6" ] ],
    [ "pot1:GND", "uno:GND.3", "black", [ "v278.4", "h-326.4" ] ],
    [ "pot1:VCC", "uno:5V", "red", [ "v326.4", "h-375.2" ] ],
    [ "btn1:1.l", "uno:2", "green", [ "h-240", "v9.6" ] ],
    [ "pot1:SIG", "uno:A0", "green", [ "v316.8", "h-317.2" ] ]
  ],
  "dependencies": {}
}