{
  "version": 1,
  "author": "Anonymous maker",
  "editor": "wokwi",
  "parts": [
    { "type": "wokwi-arduino-uno", "id": "uno", "top": -18.6, "left": -39, "attrs": {} },
    { "type": "wokwi-led", "id": "led1", "top": 25.2, "left": 551, "attrs": { "color": "red" } },
    { "type": "wokwi-relay-module", "id": "relay1", "top": -47.8, "left": 316.8, "attrs": {} },
    {
      "type": "wokwi-photoresistor-sensor",
      "id": "ldr1",
      "top": 22.4,
      "left": 557.6,
      "attrs": {}
    },
    { "type": "wokwi-vcc", "id": "vcc1", "top": -133.64, "left": 518.4, "attrs": {} },
    { "type": "wokwi-gnd", "id": "gnd1", "top": 86.4, "left": 556.2, "attrs": {} },
    { "type": "wokwi-gnd", "id": "gnd2", "top": 182.4, "left": 469.8, "attrs": {} },
    { "type": "wokwi-gnd", "id": "gnd3", "top": 48, "left": 287.4, "attrs": {} },
    { "type": "wokwi-vcc", "id": "vcc2", "top": -114.44, "left": 288, "attrs": {} },
    { "type": "wokwi-vcc", "id": "vcc3", "top": 77.56, "left": 470.4, "attrs": {} },
    { "type": "board-ds18b20", "id": "temp1", "top": -97.13, "left": -149.52, "attrs": {} }
  ],
  "connections": [
    [ "ldr1:AO", "uno:A0", "green", [ "h57.6", "v56.9", "h-355.2" ] ],
    [ "led1:A", "relay1:NO", "red", [ "v0" ] ],
    [ "relay1:COM", "vcc1:VCC", "green", [ "h97.2", "v-30.2" ] ],
    [ "led1:C", "gnd1:GND", "green", [ "v19.2", "h-9.2" ] ],
    [ "ldr1:GND", "gnd2:GND", "black", [ "h0" ] ],
    [ "relay1:GND", "gnd3:GND", "black", [ "h0" ] ],
    [ "relay1:VCC", "vcc2:VCC", "red", [ "h0" ] ],
    [ "ldr1:VCC", "vcc3:VCC", "red", [ "h0" ] ],
    [ "uno:5V", "temp1:VCC", "red", [ "v57.5", "h-207.4" ] ],
    [ "temp1:GND", "uno:GND.1", "black", [ "v9.6", "h220.8" ] ],
    [ "uno:10", "temp1:DQ", "green", [ "v-9.6", "h-248.9" ] ],
    [ "relay1:IN", "uno:6", "green", [ "h-67.2", "v-29", "h-96" ] ]
  ],
  "dependencies": {}
}