{
  "version": 1,
  "author": "Anonymous maker",
  "editor": "wokwi",
  "parts": [
    { "type": "wokwi-arduino-uno", "id": "uno", "top": -57, "left": -115.8, "attrs": {} },
    {
      "type": "board-ds18b20",
      "id": "temp1",
      "top": -135.53,
      "left": 224.88,
      "attrs": { "device_id": "9F9D876799C4F707" }
    },
    { "type": "wokwi-relay-module", "id": "relay1", "top": -163, "left": 28.8, "attrs": {} },
    { "type": "wokwi-vcc", "id": "vcc1", "top": -306.44, "left": -9.6, "attrs": {} },
    { "type": "wokwi-led", "id": "led1", "top": -291.6, "left": 167, "attrs": { "color": "red" } },
    { "type": "wokwi-gnd", "id": "gnd1", "top": -230.4, "left": 57, "attrs": {} },
    { "type": "wokwi-vcc", "id": "vcc2", "top": -210.44, "left": 115.2, "attrs": {} }
  ],
  "connections": [
    [ "temp1:VCC", "uno:5V", "red", [ "h38.4", "v297.6", "h-128.6" ] ],
    [ "relay1:VCC", "vcc1:VCC", "red", [ "h-19.2", "v-57.6" ] ],
    [ "uno:GND.1", "relay1:GND", "black", [ "v-124.8", "h-220.5", "v-153.6" ] ],
    [ "temp1:GND", "uno:GND.2", "black", [ "v249.6", "h9.6", "v115.2", "h-153.6" ] ],
    [ "temp1:DQ", "uno:A0", "green", [ "v67.2", "h28.8", "v288", "h-144" ] ],
    [ "led1:A", "relay1:NO", "green", [ "v0" ] ],
    [ "relay1:COM", "vcc2:VCC", "green", [ "h20.4", "v-49.4" ] ],
    [ "led1:C", "gnd1:GND", "green", [ "v0" ] ],
    [ "relay1:IN", "uno:6", "green", [ "h0" ] ]
  ],
  "dependencies": {}
}