{
  "version": 1,
  "author": "Anonymous maker",
  "editor": "wokwi",
  "parts": [
    { "type": "wokwi-arduino-uno", "id": "uno", "top": 29.4, "left": -19.8, "attrs": {} },
    {
      "type": "wokwi-rgb-led",
      "id": "rgb1",
      "top": -130.4,
      "left": 77.9,
      "attrs": { "common": "cathode" }
    }
  ],
  "connections": [
    [ "rgb1:COM", "uno:GND.1", "black", [ "v38", "h19.3" ] ],
    [ "rgb1:R", "uno:11", "red", [ "v48", "h28.8" ] ],
    [ "rgb1:G", "uno:10", "green", [ "v38.4", "h30.1", "v76.8" ] ],
    [ "rgb1:B", "uno:9", "purple", [ "v28.8", "h30.4" ] ]
  ],
  "dependencies": {}
}