{
  "version": 1,
  "author": "Anonymous maker",
  "editor": "wokwi",
  "parts": [
    { "type": "wokwi-arduino-uno", "id": "uno", "top": 0.6, "left": -0.6, "attrs": {} },
    {
      "type": "board-ds18b20",
      "id": "temp1",
      "top": -135.53,
      "left": 224.88,
      "attrs": { "device_id": "9F9D876799C4F707" }
    },
    { "type": "wokwi-relay-module", "id": "relay1", "top": -67, "left": -134.4, "attrs": {} },
    {
      "type": "wokwi-led",
      "id": "led1",
      "top": -128.4,
      "left": 13.4,
      "attrs": { "color": "red" }
    },
    {
      "type": "wokwi-resistor",
      "id": "r1",
      "top": -44.05,
      "left": 9.6,
      "attrs": { "value": "330" }
    }
  ],
  "connections": [
    [ "temp1:VCC", "uno:5V", "red", [ "h38.4", "v297.6", "h-128.6" ] ],
    [ "uno:10", "temp1:DQ", "green", [ "v-57", "h82.5" ] ],
    [ "temp1:GND", "uno:GND.1", "black", [ "v28.8", "h-115.5" ] ],
    [ "uno:5V", "relay1:VCC", "red", [ "v19.1", "h-313", "v-259.2" ] ],
    [ "uno:GND.1", "relay1:GND", "black", [ "h-258.9", "v-47.6" ] ],
    [ "relay1:IN", "uno:13", "green", [ "v67", "h258.8" ] ],
    [ "relay1:VCC", "relay1:COM", "red", [ "v-28.8", "h114" ] ],
    [ "relay1:NC", "r1:1", "green", [ "v0" ] ],
    [ "r1:2", "led1:A", "green", [ "v0" ] ],
    [ "led1:C", "uno:GND.1", "black", [ "v0" ] ]
  ],
  "dependencies": {}
}